region,impressions,clicks,ctr,avg_cpc,cost,conversions,cpa,conv_rate
Abu Dhabi,542171,20104,0.037080552076743316,0.6905397951153999,13882.612041,307.883575,45.090460057831926,0.010561681417447085
